"newcount";"frname"
"[32";"1m[0m"
"[32";"1m-------- ------[0m"
"0";"Aigle royal"
"0";"Autour des palombes"
"0";"B√©casseau variable"
"0";"B√©casse des bois"
"0";"Bergeronnette printani√®re"
"0";"Bernache nonnette"
"0";"Bihoreau gris"
"0";"Bruant des roseaux"
"0";"Busard cendr√©"
"0";"Canard chipeau"
"0";"Canard pilet"
"0";"Canard siffleur"
"0";"Canard souchet"
"0";"Chevalier aboyeur"
"0";"Chevalier sylvain"
"0";"Circa√®te Jean-le-Blanc"
"0";"Courlis cendr√©"
"0";"√âchasse blanche"
"0";"Faucon d'El√©onore"
"0";"Faucon √©merillon"
"0";"Fauvette des jardins"
"0";"Fauvette grisette"
"0";"Gobemouche noir"
"0";"Grosbec casse-noyaux"
"0";"Gu√™pier d'Europe"
"0";"H√©ron pourpr√©"
"0";"Locustelle tachet√©e"
"0";"Mouette rieuse"
"0";"Oc√©anite culblanc"
"0";"Oie cendr√©e"
"0";"Petit-duc scops"
"0";"Pic √©peichette"
"0";"Pie-gri√®che √† t√™te rousse"
"0";"Pluvier dor√©"
"0";"Pouillot fitis"
"0";"Pouillot ib√©rique"
"0";"R√¢le des gen√™ts"
"0";"Rossignol philom√®le"
"0";"Rougequeue √† front blanc"
"0";"Sterne pierregarin"
"0";"Tarier des pr√©s"
